{
  "Objetos": [
    {
      "Centro": {
        "X": 0.2915671,
        "Y": 0.3255134,
        "Z": -0.4326794
      },
      "anchoTotal": 1.5,
      "altoTotal": 1.5,
      "profundidad": 0.3,
      "Color": [
        1,
        0.84313726,
        0,
        1
      ]
    },
    {
      "Centro": {
        "X": 0.87041473,
        "Y": -0.16584758,
        "Z": 0.28917816
      },
      "anchoTotal": 1.5,
      "altoTotal": 1.5,
      "profundidad": 0.3,
      "Color": [
        1,
        0.84313726,
        0,
        1
      ]
    }
  ]
}